<?xml version="1.0" encoding="UTF-8"?>
<project-private xmlns="http://www.netbeans.org/ns/project-private/1">
    <editor-bookmarks xmlns="http://www.netbeans.org/ns/editor-bookmarks/1"/>
    <editor-bookmarks xmlns="http://www.netbeans.org/ns/editor-bookmarks/2" lastBookmarkId="0"/>
    <open-files xmlns="http://www.netbeans.org/ns/projectui-open-files/2">
        <group>
            <file>file:/F:/oracle%201.0/oracle/oracle%201.0/src/oracle/form/DBManager.java</file>
            <file>file:/F:/oracle%201.0/oracle/oracle%201.0/src/oracle/Connection/DBManager.java</file>
            <file>file:/F:/oracle%201.0/oracle/oracle%201.0/src/oracle/login/DBManager.java</file>
            <file>file:/F:/oracle%201.0/oracle/oracle%201.0/src/oracle/users/DBManager.java</file>
        </group>
    </open-files>
</project-private>
